{
    "width": 1280,
    "height": 800,
    "intrinsic_matrix": [
        644.1244506835938,
        0,
        0,
        0,
        643.2738037109375,
        0,
        649.4171142578125,
        405.886474609375,
        1
    ]
}